True Neutrino Energy Bin Index,Reco Neutrino Energy Bin Index,Relative Number of Events
0,0,0.0
0,1,0.0
0,2,0.0
0,3,0.0
0,4,0.0
0,5,0.0
0,6,0.0
0,7,0.0
0,8,0.0
0,9,0.0
0,10,0.0
0,11,0.0
0,12,0.0
0,13,0.0
0,14,0.0
0,15,0.0
0,16,0.0
0,17,0.0
0,18,0.0
0,19,0.0
0,20,0.0
0,21,0.0
0,22,0.0
0,23,0.0
0,24,0.0
0,25,0.0
0,26,0.0
0,27,0.0
0,28,0.0
0,29,0.0
0,30,0.0
0,31,0.0
0,32,0.0
0,33,0.0
0,34,0.0
0,35,0.0
0,36,0.0
0,37,0.0
0,38,0.0
0,39,0.0
0,40,0.0
0,41,0.0
0,42,0.0
0,43,0.0
0,44,0.0
0,45,0.0
0,46,0.0
0,47,0.0
0,48,0.0
0,49,0.0
0,50,0.0
0,51,0.0
0,52,0.0
0,53,0.0
0,54,0.0
0,55,0.0
0,56,0.0
0,57,0.0
0,58,0.0
0,59,0.0
1,0,0.0
1,1,0.0
1,2,0.0
1,3,0.0
1,4,0.0
1,5,0.0
1,6,0.0
1,7,0.0
1,8,0.0
1,9,0.0
1,10,0.0
1,11,0.0
1,12,0.0
1,13,0.0
1,14,0.0
1,15,0.0
1,16,0.0
1,17,0.0
1,18,0.0
1,19,0.0
1,20,0.0
1,21,0.0
1,22,0.0
1,23,0.0
1,24,0.0
1,25,0.0
1,26,0.0
1,27,0.0
1,28,0.0
1,29,0.0
1,30,0.0
1,31,0.0
1,32,0.0
1,33,0.0
1,34,0.0
1,35,0.0
1,36,0.0
1,37,0.0
1,38,0.0
1,39,0.0
1,40,0.0
1,41,0.0
1,42,0.0
1,43,0.0
1,44,0.0
1,45,0.0
1,46,0.0
1,47,0.0
1,48,0.0
1,49,0.0
1,50,0.0
1,51,0.0
1,52,0.0
1,53,0.0
1,54,0.0
1,55,0.0
1,56,0.0
1,57,0.0
1,58,0.0
1,59,0.0
2,0,0.0
2,1,0.0
2,2,0.0
2,3,0.0
2,4,0.0
2,5,0.0
2,6,0.0
2,7,0.0
2,8,0.0
2,9,0.0
2,10,0.0
2,11,0.0
2,12,0.0
2,13,0.0
2,14,0.0
2,15,0.0
2,16,0.0
2,17,0.0
2,18,0.0
2,19,0.0
2,20,0.0
2,21,0.0
2,22,0.0
2,23,0.0
2,24,0.0
2,25,0.0
2,26,0.0
2,27,0.0
2,28,0.0
2,29,0.0
2,30,0.0
2,31,0.0
2,32,0.0
2,33,0.0
2,34,0.0
2,35,0.0
2,36,0.0
2,37,0.0
2,38,0.0
2,39,0.0
2,40,0.0
2,41,0.0
2,42,0.0
2,43,0.0
2,44,0.0
2,45,0.0
2,46,0.0
2,47,0.0
2,48,0.0
2,49,0.0
2,50,0.0
2,51,0.0
2,52,0.0
2,53,0.0
2,54,0.0
2,55,0.0
2,56,0.0
2,57,0.0
2,58,0.0
2,59,0.0
3,0,0.0
3,1,0.0
3,2,0.0
3,3,0.0
3,4,0.0
3,5,0.0
3,6,0.0
3,7,0.0
3,8,0.0
3,9,0.0
3,10,0.0
3,11,0.0
3,12,0.0
3,13,0.0
3,14,0.0
3,15,0.0
3,16,0.0
3,17,0.0
3,18,0.0
3,19,0.0
3,20,0.0
3,21,0.0
3,22,0.0
3,23,0.0
3,24,0.0
3,25,0.0
3,26,0.0
3,27,0.0
3,28,0.0
3,29,0.0
3,30,0.0
3,31,0.0
3,32,0.0
3,33,0.0
3,34,0.0
3,35,0.0
3,36,0.0
3,37,0.0
3,38,0.0
3,39,0.0
3,40,0.0
3,41,0.0
3,42,0.0
3,43,0.0
3,44,0.0
3,45,0.0
3,46,0.0
3,47,0.0
3,48,0.0
3,49,0.0
3,50,0.0
3,51,0.0
3,52,0.0
3,53,0.0
3,54,0.0
3,55,0.0
3,56,0.0
3,57,0.0
3,58,0.0
3,59,0.0
4,0,0.0
4,1,0.0
4,2,0.0
4,3,0.0
4,4,0.5740107842693462
4,5,0.011802137277039451
4,6,0.0
4,7,0.006687216735227279
4,8,0.0
4,9,0.0
4,10,0.0
4,11,0.0
4,12,0.0
4,13,0.0
4,14,0.0
4,15,0.0
4,16,0.0
4,17,0.0
4,18,0.0
4,19,0.0
4,20,0.0
4,21,0.0
4,22,0.0
4,23,0.0
4,24,0.0
4,25,0.0
4,26,0.0
4,27,0.0
4,28,0.0
4,29,0.0
4,30,0.0
4,31,0.0
4,32,0.0
4,33,0.0
4,34,0.0
4,35,0.0
4,36,0.0
4,37,0.0
4,38,0.0
4,39,0.0
4,40,0.0
4,41,0.0
4,42,0.0
4,43,0.0
4,44,0.0
4,45,0.0
4,46,0.0
4,47,0.0
4,48,0.0
4,49,0.0
4,50,0.0
4,51,0.0
4,52,0.0
4,53,0.0
4,54,0.0
4,55,0.0
4,56,0.0
4,57,0.0
4,58,0.0
4,59,0.0
5,0,0.0
5,1,0.0
5,2,0.0
5,3,0.5886121931312706
5,4,3.1240678300640914
5,5,1.6292866988179162
5,6,0.0
5,7,0.6275551115496283
5,8,0.0
5,9,0.0
5,10,0.0
5,11,0.0
5,12,0.0
5,13,0.0
5,14,0.0
5,15,0.0
5,16,0.0
5,17,0.0
5,18,0.0
5,19,0.0
5,20,0.3148437171928776
5,21,0.0
5,22,0.0
5,23,0.0
5,24,0.0
5,25,0.0
5,26,0.0
5,27,0.0
5,28,0.0
5,29,0.0
5,30,0.0
5,31,0.0
5,32,0.0
5,33,0.0
5,34,0.0
5,35,0.0
5,36,0.0
5,37,0.0
5,38,0.0
5,39,0.0
5,40,0.0
5,41,0.0
5,42,0.0
5,43,0.0
5,44,0.0
5,45,0.0
5,46,0.0
5,47,0.0
5,48,0.0
5,49,0.0
5,50,0.0
5,51,0.0
5,52,0.0
5,53,0.0
5,54,0.0
5,55,0.0
5,56,0.0
5,57,0.0
5,58,0.0
5,59,0.0
6,0,0.0
6,1,0.0
6,2,0.0159091488427481
6,3,3.296718722685049
6,4,10.532730228653714
6,5,21.388660567771407
6,6,11.959859835234626
6,7,3.267678028988697
6,8,5.886929890801874
6,9,1.281966754917245
6,10,0.0
6,11,0.000361561790888879
6,12,0.0
6,13,0.0
6,14,0.0
6,15,0.19611630479661815
6,16,0.0
6,17,0.000473028102530421
6,18,0.0
6,19,0.0
6,20,0.0
6,21,0.0
6,22,0.0
6,23,0.0
6,24,0.0
6,25,0.0004473551584094563
6,26,0.0
6,27,0.0
6,28,0.0
6,29,0.0
6,30,0.0
6,31,0.0
6,32,0.0
6,33,0.0
6,34,0.0
6,35,0.0
6,36,0.0
6,37,0.0
6,38,0.0
6,39,0.0
6,40,0.0
6,41,0.0
6,42,0.0
6,43,0.0
6,44,0.0
6,45,0.0
6,46,0.0
6,47,0.0
6,48,0.0
6,49,0.0
6,50,0.0
6,51,0.0
6,52,0.0
6,53,0.0
6,54,0.0
6,55,0.0
6,56,0.0
6,57,0.0
6,58,0.0
6,59,0.0
7,0,0.0
7,1,0.0
7,2,0.3504045807695141
7,3,3.640098759707106
7,4,19.959441754535945
7,5,31.9955329003022
7,6,38.70208327756706
7,7,25.180131031971158
7,8,9.3367990842905
7,9,7.423667979194811
7,10,2.844664512826298
7,11,1.7840368759992253
7,12,1.1884421837464714
7,13,1.3001504569804894
7,14,0.0
7,15,0.0
7,16,0.2761659823455628
7,17,0.0
7,18,0.3143547136001925
7,19,0.5344541187915598
7,20,0.3404891512877649
7,21,0.0
7,22,0.0
7,23,0.0
7,24,0.0
7,25,0.0
7,26,0.0
7,27,0.0
7,28,0.0
7,29,0.0
7,30,0.0
7,31,0.0
7,32,0.0
7,33,0.0
7,34,0.0
7,35,0.0
7,36,0.0
7,37,0.0
7,38,0.0
7,39,0.0
7,40,0.0
7,41,0.0
7,42,0.0
7,43,0.0
7,44,0.0
7,45,0.0
7,46,0.0
7,47,0.0
7,48,0.0
7,49,0.0
7,50,0.0
7,51,0.0
7,52,0.0
7,53,0.0
7,54,0.0
7,55,0.0
7,56,0.0
7,57,0.0
7,58,0.0
7,59,0.0
8,0,0.0
8,1,4.637803650725208e-06
8,2,1.0252314304153558
8,3,5.331356987768905
8,4,24.815630578829705
8,5,43.87441372221326
8,6,65.42693414238087
8,7,81.64721059072357
8,8,51.04063577929919
8,9,19.769686245702243
8,10,7.692470093636308
8,11,4.272321436640911
8,12,2.7992905210072423
8,13,3.0609115521418993
8,14,1.306886239129918
8,15,0.7042163817552578
8,16,0.0
8,17,0.518789229936801
8,18,0.8959786286706511
8,19,1.1880070273072858
8,20,0.27836005528139496
8,21,0.8499235243043304
8,22,0.0
8,23,0.0
8,24,0.0
8,25,0.0
8,26,0.0
8,27,0.0
8,28,0.0
8,29,0.0
8,30,0.0
8,31,0.0
8,32,0.0
8,33,0.0
8,34,0.0
8,35,2.83084779438935
8,36,0.0
8,37,0.0
8,38,0.0
8,39,0.0
8,40,0.0
8,41,0.0
8,42,0.0
8,43,0.0
8,44,0.0
8,45,0.0
8,46,0.0
8,47,0.0
8,48,0.0
8,49,0.0
8,50,0.0
8,51,0.0
8,52,0.0
8,53,0.0
8,54,0.0
8,55,0.0
8,56,0.0
8,57,0.0
8,58,0.0
8,59,0.0
9,0,0.2783033268033222
9,1,0.9004950885926755
9,2,0.5005565820295685
9,3,5.123433878601257
9,4,32.22154482670086
9,5,68.28932321545194
9,6,87.4431546766731
9,7,108.7178596841529
9,8,91.64911787729532
9,9,75.75566242830476
9,10,27.950601120590896
9,11,22.907521324438687
9,12,6.374093689110306
9,13,5.2641398640144885
9,14,4.421925260616704
9,15,4.315137584013082
9,16,1.284464674672783
9,17,0.8286905601069219
9,18,2.4713662070165765
9,19,1.4620482140332989
9,20,0.2811752825969933
9,21,0.485706944567082
9,22,0.0
9,23,2.085172403161323e-05
9,24,0.5056243422566079
9,25,0.45726321222039196
9,26,0.2693383425271664
9,27,0.0
9,28,0.28020134161160903
9,29,0.0
9,30,0.0
9,31,0.40322094288181726
9,32,0.0
9,33,0.0
9,34,0.0
9,35,0.0
9,36,0.0
9,37,0.0
9,38,0.0
9,39,0.0
9,40,0.0
9,41,0.0
9,42,0.0
9,43,0.0
9,44,0.0
9,45,0.0
9,46,0.0
9,47,0.0
9,48,0.0
9,49,0.0
9,50,0.0
9,51,0.0
9,52,0.0
9,53,0.0
9,54,0.0
9,55,0.0
9,56,0.0
9,57,0.0
9,58,0.0
9,59,0.0
10,0,0.0
10,1,0.6488447780159293
10,2,0.37561391989128734
10,3,7.125133707390516
10,4,32.52230344995195
10,5,69.68303867440696
10,6,114.33218497964371
10,7,138.754403015659
10,8,142.87895792546206
10,9,126.37245717878135
10,10,92.92808368145874
10,11,40.04741695230984
10,12,20.4670828348556
10,13,11.207040969675155
10,14,6.763259287140133
10,15,6.862538095689339
10,16,3.147233632877196
10,17,2.3846635834488548
10,18,1.7999978069624567
10,19,0.46119043214890876
10,20,1.2178438463407468
10,21,1.500746726102467
10,22,1.5857455277840065
10,23,1.0094673013689655
10,24,1.077923852633971
10,25,0.3529168498065291
10,26,0.39770464996768085
10,27,0.0
10,28,0.0
10,29,0.0
10,30,0.0
10,31,0.0
10,32,0.0
10,33,0.0
10,34,0.0
10,35,0.0
10,36,0.0
10,37,0.0
10,38,0.0
10,39,0.0
10,40,0.0
10,41,0.19611630479661815
10,42,0.0
10,43,0.0
10,44,0.0
10,45,0.0
10,46,0.0
10,47,0.0
10,48,0.0
10,49,0.0
10,50,0.0
10,51,0.0
10,52,0.0
10,53,0.0
10,54,0.0
10,55,0.0
10,56,0.0
10,57,0.0
10,58,0.0
10,59,0.0
11,0,0.0
11,1,0.0
11,2,2.2189155661627376
11,3,8.657418368509946
11,4,33.56416328403606
11,5,84.14152299290555
11,6,125.23164249237487
11,7,148.6710587487189
11,8,184.81509476122275
11,9,164.09501204709568
11,10,161.93628638861185
11,11,108.25839973975799
11,12,53.978186227087186
11,13,24.622051602765794
11,14,17.345731354493054
11,15,10.712109871269965
11,16,7.121535698149184
11,17,3.7869228043741954
11,18,5.015598983058035
11,19,3.16121507220432
11,20,1.5066949164105639
11,21,1.8926829817039386
11,22,1.7115507007454585
11,23,1.0059292192253884
11,24,0.0
11,25,2.4592392913628633
11,26,0.8639006940064827
11,27,0.0
11,28,0.6823389429598093
11,29,0.5375952358773382
11,30,0.0
11,31,0.451042543269775
11,32,0.5228285354548349
11,33,0.0
11,34,0.0
11,35,0.0
11,36,0.0
11,37,0.0
11,38,0.0
11,39,0.0
11,40,0.0
11,41,0.0
11,42,0.0
11,43,0.0
11,44,0.0
11,45,0.0
11,46,0.0
11,47,0.0
11,48,0.0
11,49,0.0
11,50,0.0
11,51,0.0
11,52,0.0
11,53,0.0
11,54,0.0
11,55,0.0
11,56,0.0
11,57,0.0
11,58,0.0
11,59,0.0
12,0,0.4402687558144284
12,1,0.23830198380864084
12,2,1.9116591648500445
12,3,5.393557872048597
12,4,32.33460350794401
12,5,79.08941284414186
12,6,131.63148341636503
12,7,173.40200797377375
12,8,190.00777160147453
12,9,211.55846262284794
12,10,200.62489487629404
12,11,181.59995236141876
12,12,141.2225779510233
12,13,61.93017866574256
12,14,36.29771533057562
12,15,22.855651130405395
12,16,9.545345946059369
12,17,6.707817795520394
12,18,5.984047035988511
12,19,3.31433769560245
12,20,3.2464147010994866
12,21,3.15160849125727
12,22,1.3256129376503654
12,23,0.7735450851592403
12,24,1.91315520565062
12,25,1.1498073673611253
12,26,0.3568883364770588
12,27,1.1530316664958007
12,28,0.0
12,29,0.0
12,30,0.0
12,31,0.3620317508467219
12,32,0.020384691776682465
12,33,0.3622291571349725
12,34,0.3413779439538109
12,35,0.0
12,36,0.0
12,37,0.0
12,38,0.0
12,39,0.0
12,40,0.0
12,41,0.0
12,42,0.0
12,43,0.0
12,44,0.0
12,45,0.0
12,46,0.0
12,47,0.0
12,48,0.0
12,49,0.0
12,50,0.0
12,51,0.0
12,52,0.0
12,53,0.0
12,54,0.0
12,55,0.0
12,56,0.0
12,57,0.0
12,58,0.0
12,59,0.0
13,0,0.34493797234647716
13,1,1.140311476437612
13,2,0.4471483488537664
13,3,6.453546990891299
13,4,37.34790994882736
13,5,84.72439319762499
13,6,146.96734036137565
13,7,178.9090282688174
13,8,247.26674205109342
13,9,262.0655868029156
13,10,252.36815171105636
13,11,227.69538525730118
13,12,202.19555092586822
13,13,142.8598305589439
13,14,79.84862804856286
13,15,44.35647426325655
13,16,29.862501514946782
13,17,13.97130866890825
13,18,10.70741424547721
13,19,11.982163604638849
13,20,5.557814151395828
13,21,2.237181090650154
13,22,2.213574842457653
13,23,3.3218731099255434
13,24,0.9582770203067854
13,25,2.6959006771589893
13,26,1.0548796075554787
13,27,1.4039270304832314
13,28,1.5102206288955369
13,29,0.3268331710204771
13,30,0.8566641119504731
13,31,0.23051487453490055
13,32,0.3508256505653876
13,33,0.4404227065964864
13,34,0.0
13,35,0.0
13,36,0.27836005528139496
13,37,0.0
13,38,0.0
13,39,0.0
13,40,0.0
13,41,0.0
13,42,0.0
13,43,0.0
13,44,0.0
13,45,0.0
13,46,0.0
13,47,0.0
13,48,0.0
13,49,0.0
13,50,0.0
13,51,0.0
13,52,0.0
13,53,0.0
13,54,0.0
13,55,0.0
13,56,0.0
13,57,0.0
13,58,0.0
13,59,0.0
14,0,0.0
14,1,0.33800864329642305
14,2,2.9119300391491834
14,3,8.505323540856072
14,4,39.57345117649809
14,5,87.25768723082035
14,6,150.751889850435
14,7,183.5887675842961
14,8,241.100055276397
14,9,265.26997741144777
14,10,283.5283609595888
14,11,241.00030104854184
14,12,249.43293568585725
14,13,215.38384144586126
14,14,157.44823968582432
14,15,99.13022659056108
14,16,43.86826316832104
14,17,28.620670599370477
14,18,15.541998512476589
14,19,11.714240646579167
14,20,7.9223327506862615
14,21,4.419885537243634
14,22,5.349096323573349
14,23,4.1529038300537735
14,24,2.979418808551238
14,25,2.518544184908442
14,26,2.49693413638358
14,27,2.0201303246719333
14,28,1.128180210622113
14,29,0.58477233062819
14,30,1.2241575913704648
14,31,0.23754572362488202
14,32,0.6821418930496451
14,33,0.7079555820286516
14,34,0.3422784128926687
14,35,0.3148765352831583
14,36,1.1420173090752446
14,37,0.0
14,38,0.0
14,39,0.0
14,40,0.0
14,41,0.0
14,42,0.0
14,43,0.0
14,44,0.0
14,45,0.0
14,46,0.0
14,47,0.0
14,48,0.0
14,49,0.0
14,50,0.0
14,51,0.0
14,52,0.0
14,53,0.0
14,54,0.0
14,55,0.0
14,56,0.0
14,57,0.0
14,58,0.0
14,59,0.0
15,0,0.0
15,1,0.3433549723496721
15,2,2.2283287404279766
15,3,8.580848629149143
15,4,40.16420315222006
15,5,80.37091860913768
15,6,142.13262516816752
15,7,209.7395951365751
15,8,253.6851816429979
15,9,270.88988802370943
15,10,305.909468251609
15,11,296.6931467516677
15,12,285.37305959626957
15,13,264.2669992694408
15,14,216.46295471304123
15,15,159.17603037467248
15,16,89.08890651777956
15,17,48.384720351369
15,18,33.75193726881295
15,19,23.857008002804527
15,20,14.631868955456705
15,21,12.142074757119527
15,22,9.347782589457797
15,23,4.847904215620809
15,24,4.836133627025497
15,25,4.158437087170882
15,26,4.088990945590041
15,27,2.828561750872336
15,28,1.9909941816546306
15,29,0.9107566052795321
15,30,0.5044005150831109
15,31,1.7593237412608886
15,32,0.8427193462799734
15,33,3.424561437407533
15,34,0.0
15,35,0.8202850608117189
15,36,1.7376037724152662
15,37,0.7131482099298205
15,38,0.2970761889402981
15,39,0.0
15,40,0.0
15,41,0.0
15,42,0.0
15,43,0.40251044435145006
15,44,0.0
15,45,0.0
15,46,0.0
15,47,0.0
15,48,0.0
15,49,0.0
15,50,0.0
15,51,0.0
15,52,0.0
15,53,0.0
15,54,0.0
15,55,0.0
15,56,0.0
15,57,0.0
15,58,0.0
15,59,0.0
16,0,0.0
16,1,0.3413864842287106
16,2,4.436918546261125
16,3,12.866985629656543
16,4,44.52613653728082
16,5,91.96079736571262
16,6,141.75557852500953
16,7,195.85637755234666
16,8,248.97880038427263
16,9,280.2165203925432
16,10,293.41932457810947
16,11,304.67116325679046
16,12,318.1636118247669
16,13,275.0126752066582
16,14,237.0082947513126
16,15,214.01678135474688
16,16,169.04691982665278
16,17,110.36079411931465
16,18,65.6841639858639
16,19,35.16767344727846
16,20,24.493487166389173
16,21,18.19935830826693
16,22,10.654744816072371
16,23,5.037371857600972
16,24,7.698308853977156
16,25,6.591090668005175
16,26,3.755322600180644
16,27,2.90104247363908
16,28,3.4518568040450535
16,29,2.9631893130538245
16,30,2.5944571408388626
16,31,1.4097352253575135
16,32,0.8116780493380954
16,33,1.2231892487577103
16,34,0.5099931259399918
16,35,0.23594927305890706
16,36,0.0
16,37,0.568850019255148
16,38,1.677223035468346
16,39,0.0
16,40,0.0
16,41,0.0
16,42,0.0
16,43,0.0
16,44,0.0
16,45,0.0
16,46,0.23401371176072544
16,47,0.0
16,48,0.0
16,49,0.3484640422062508
16,50,0.0
16,51,0.0
16,52,0.0
16,53,0.0
16,54,0.0
16,55,0.0
16,56,0.0
16,57,0.0
16,58,8.949328604894695e-07
16,59,0.0
17,0,0.32270794702712596
17,1,0.4953648918920907
17,2,1.0289717249868067
17,3,6.037954564001134
17,4,37.859868010976335
17,5,80.93630936512103
17,6,132.6281329956879
17,7,198.8985369094062
17,8,267.00275110754546
17,9,293.4218173210662
17,10,281.8449469761059
17,11,340.84883208439965
17,12,305.6592962307398
17,13,282.3880178349679
17,14,278.4468980251099
17,15,267.3574026632561
17,16,208.3859445570773
17,17,147.38514998546154
17,18,93.04480082172785
17,19,60.82961902310799
17,20,35.0694754453694
17,21,25.699008342713473
17,22,19.4563035846959
17,23,17.92432064634515
17,24,9.116611523045176
17,25,5.513627257602017
17,26,7.139637975753781
17,27,3.8225542409540387
17,28,4.772302361489639
17,29,5.914399205512674
17,30,2.010666783451737
17,31,1.5514288650553072
17,32,1.7068140999239012
17,33,0.31129325775134836
17,34,1.6200636911602173
17,35,1.1061209574153756
17,36,0.8450222868918685
17,37,0.8107216341942673
17,38,0.2242680363656052
17,39,0.3152665694926216
17,40,0.40274810561690555
17,41,0.0
17,42,0.3413779439538109
17,43,0.0
17,44,0.0
17,45,0.0
17,46,0.0
17,47,0.0
17,48,0.0
17,49,0.0
17,50,0.27836005528139496
17,51,0.0
17,52,0.0
17,53,0.0
17,54,0.0
17,55,0.0
17,56,0.0
17,57,0.0
17,58,0.0
17,59,0.0
18,0,0.0
18,1,0.0
18,2,1.0319155622680827
18,3,9.983524735156415
18,4,38.39350000290799
18,5,81.51527294996963
18,6,134.05214674313078
18,7,183.44435502045465
18,8,229.02232977743878
18,9,292.7586504178158
18,10,295.6798251754815
18,11,324.4750797617627
18,12,314.2764626937228
18,13,326.4578429901204
18,14,304.59710256932357
18,15,276.98448079350385
18,16,230.52698929303406
18,17,195.60368342299722
18,18,152.49397430372875
18,19,90.50766329618845
18,20,63.02484038354471
18,21,37.357809768049655
18,22,22.067074600746793
18,23,16.378566146596214
18,24,13.384320978494099
18,25,6.504421437609776
18,26,6.578082019989282
18,27,4.861200345495167
18,28,4.308245692466297
18,29,5.621752649198714
18,30,3.39800386934306
18,31,3.0407333549103206
18,32,1.8192577562601187
18,33,1.0841300216195777
18,34,0.7086213285010823
18,35,2.037034568494371
18,36,0.6827558879076218
18,37,1.8831455372618775
18,38,0.0
18,39,0.3264652699416682
18,40,1.7011395899678454
18,41,0.0
18,42,0.20479321444731724
18,43,0.0
18,44,0.0
18,45,0.0
18,46,0.35828302579911026
18,47,0.0
18,48,0.0
18,49,0.0
18,50,0.3413779439538109
18,51,0.0
18,52,0.0
18,53,0.0
18,54,0.0
18,55,0.0
18,56,0.0
18,57,0.0
18,58,0.0
18,59,0.0
19,0,0.0
19,1,0.0
19,2,1.0446310987132137
19,3,4.953791741072821
19,4,37.680358296990335
19,5,79.42661526042738
19,6,121.11577731214744
19,7,187.73284904877414
19,8,220.77064683031745
19,9,297.53474968116825
19,10,290.9499847505985
19,11,308.5422189234981
19,12,330.00629483551563
19,13,327.02288678037627
19,14,315.2512031017415
19,15,296.4165779229224
19,16,239.56337963259466
19,17,216.7144470492427
19,18,184.7757374952301
19,19,123.78275202738777
19,20,101.13865705040602
19,21,55.521566384219255
19,22,46.993465227830185
19,23,23.378370790446507
19,24,20.275951069728343
19,25,11.980671591724843
19,26,9.656777397264063
19,27,8.61652460540993
19,28,6.261997942315081
19,29,5.338035194732856
19,30,4.805668005161514
19,31,1.1624183414202334
19,32,0.7935854998804561
19,33,4.137289597544082
19,34,1.9602891467142327
19,35,0.9209642326825025
19,36,0.9489527201560262
19,37,1.5601535032109926
19,38,0.27836005528139496
19,39,0.6163946274141195
19,40,0.1962939728410793
19,41,0.0
19,42,0.0
19,43,0.0
19,44,0.0
19,45,1.5276788107750723
19,46,0.0
19,47,0.0
19,48,0.0
19,49,0.0
19,50,0.0
19,51,0.0
19,52,0.0
19,53,0.0
19,54,0.0
19,55,0.0
19,56,0.0
19,57,0.0
19,58,0.0
19,59,0.0
20,0,0.0
20,1,0.27836005528139496
20,2,0.2904284103720533
20,3,6.026750182687443
20,4,33.415747434409546
20,5,79.83508400519759
20,6,105.21346859081737
20,7,179.97040588988534
20,8,211.13350848883763
20,9,267.5637606257989
20,10,310.1420507995415
20,11,336.5705831805631
20,12,278.06849210923355
20,13,318.2456140613478
20,14,320.20115691439787
20,15,319.54487786700804
20,16,259.16200981529255
20,17,253.0950337664181
20,18,214.56453584615141
20,19,184.81196743649855
20,20,128.84134801963768
20,21,86.18714056770197
20,22,56.24251900979886
20,23,34.56149834280089
20,24,24.920010989649786
20,25,30.860977838164665
20,26,8.529118144210491
20,27,9.184673341267366
20,28,6.81927972747628
20,29,3.33628588823626
20,30,2.6511743948668784
20,31,3.083011494799704
20,32,5.4514830532192695
20,33,2.7062880080267258
20,34,1.1281884385171776
20,35,1.963744228449655
20,36,1.015341709151535
20,37,0.8626250643833373
20,38,1.6540116411853791
20,39,0.5469678450442692
20,40,0.6563033911328982
20,41,0.7678618149385661
20,42,0.0
20,43,0.0
20,44,0.3413779439538109
20,45,0.0
20,46,0.0
20,47,0.0
20,48,0.0
20,49,0.0
20,50,0.0
20,51,0.0
20,52,0.0
20,53,0.0
20,54,0.0
20,55,0.0
20,56,0.0
20,57,0.0
20,58,0.0
20,59,0.0
21,0,0.0
21,1,1.1396612187506023
21,2,0.803615353311342
21,3,5.571425456510459
21,4,35.65658096448273
21,5,66.14480710992815
21,6,116.54874254782929
21,7,150.98093269905894
21,8,216.1990173345437
21,9,238.47061871171388
21,10,265.7325400520906
21,11,280.7662438453578
21,12,297.6170246718287
21,13,293.6857270919564
21,14,312.85060811070537
21,15,279.6344212078751
21,16,277.45120645530477
21,17,241.23493544605378
21,18,197.5674105904012
21,19,192.35622027383744
21,20,169.19175611788702
21,21,144.8021195869767
21,22,80.39807116613376
21,23,58.8526243019111
21,24,36.27754545167508
21,25,20.999402174691216
21,26,20.91469831760208
21,27,16.46042929345772
21,28,7.481760739711255
21,29,6.091586714854939
21,30,7.565107358663365
21,31,3.660159671555145
21,32,8.985089685744118
21,33,2.07554080436026
21,34,2.266515082294017
21,35,0.4222266877754801
21,36,2.468564329445051
21,37,2.8234547025298307
21,38,0.9744459509491801
21,39,2.695428265977966
21,40,0.6177611901068034
21,41,0.0
21,42,0.19611630479661815
21,43,0.3413779439538109
21,44,0.9716470388444904
21,45,0.6381262936558328
21,46,0.19611630479661815
21,47,0.0
21,48,0.27836005528139496
21,49,0.0
21,50,0.0
21,51,0.0
21,52,0.0
21,53,0.0
21,54,0.06668332319630224
21,55,0.0
21,56,0.0
21,57,0.3232638635756319
21,58,0.0
21,59,0.0
22,0,0.0
22,1,0.32655529570398517
22,2,0.9549946678991856
22,3,4.613094814380585
22,4,28.65700557110938
22,5,52.72487097040238
22,6,98.40502324851762
22,7,158.68214219451787
22,8,181.4719253849822
22,9,210.3606419392409
22,10,260.74326334045753
22,11,271.97811751079405
22,12,295.29864461735474
22,13,308.56902916966595
22,14,287.307764777418
22,15,280.5587630765655
22,16,269.1443846507117
22,17,255.29989630999174
22,18,249.1888208614567
22,19,179.47968790262388
22,20,173.49671329993487
22,21,133.83027266269926
22,22,105.0306474416517
22,23,70.77035038676773
22,24,40.53947796578945
22,25,41.516537773134104
22,26,19.903795728668086
22,27,13.319469240286262
22,28,8.414571438596512
22,29,12.303607556518424
22,30,5.504714192345793
22,31,4.036969717278478
22,32,3.0584496623004847
22,33,4.054328374224141
22,34,4.12534902522573
22,35,1.126873030549399
22,36,2.7226475179450924
22,37,1.0872440890809678
22,38,2.09367162275299
22,39,0.8760106938282244
22,40,1.7008523110416458
22,41,2.8373295304964
22,42,1.4435936268028666
22,43,0.0
22,44,0.0
22,45,0.0
22,46,0.0
22,47,0.0
22,48,0.0
22,49,0.0
22,50,0.07135105776396981
22,51,0.9898868588610272
22,52,0.0
22,53,0.0
22,54,0.0
22,55,0.0
22,56,0.0
22,57,0.3413779439538109
22,58,0.0
22,59,0.0
23,0,0.0
23,1,4.286141514752875e-05
23,2,0.9784429862091171
23,3,2.834249689339236
23,4,31.065430593520876
23,5,58.2438817592218
23,6,96.1543869689059
23,7,131.01491624627286
23,8,181.63425369488613
23,9,211.1046218190571
23,10,249.6778910567254
23,11,259.40081587982246
23,12,291.27826864321827
23,13,264.1407937666288
23,14,284.9419703588943
23,15,255.68852925966232
23,16,250.15097734201916
23,17,252.77370710424623
23,18,239.1938523255852
23,19,201.87495383366738
23,20,165.3767241782013
23,21,133.11886534853366
23,22,108.57753935969434
23,23,86.9991459586849
23,24,58.737487801231055
23,25,44.90148392521437
23,26,25.908154246220914
23,27,25.355433153236195
23,28,17.957963443877567
23,29,9.080577251901335
23,30,6.722516046321001
23,31,8.514123602646551
23,32,6.526903179735405
23,33,5.852841459796831
23,34,1.5421061288564228
23,35,2.4130994572711586
23,36,1.5892638993071713
23,37,2.099728343362109
23,38,1.3234178071137332
23,39,0.33525175779732314
23,40,1.4543171162268302
23,41,0.3413779439538109
23,42,0.6197379992352059
23,43,0.9720545120983953
23,44,0.19611630479661815
23,45,1.290483540176499
23,46,0.5627685443311087
23,47,0.0
23,48,0.3206197342653831
23,49,0.3413779439538109
23,50,0.0
23,51,0.0
23,52,0.0
23,53,0.0
23,54,0.0
23,55,0.0
23,56,0.0
23,57,0.27836005528139496
23,58,0.2764913930509461
23,59,0.0
24,0,0.0
24,1,0.2064681713103449
24,2,1.4273612493391843
24,3,3.75969954818589
24,4,24.02768015659506
24,5,51.470164987210886
24,6,85.78823260969332
24,7,114.95204391574488
24,8,147.46692450925167
24,9,200.5469324763735
24,10,226.12583527770087
24,11,239.60763343862237
24,12,245.72195590713622
24,13,255.17279696166494
24,14,264.4949139598283
24,15,256.545405122627
24,16,256.49898665808513
24,17,228.60905638525844
24,18,225.14769203096694
24,19,225.27551047989868
24,20,184.94826267445032
24,21,157.85639170885202
24,22,122.01974654333178
24,23,110.05048624438024
24,24,77.98933113727308
24,25,57.1851755486522
24,26,43.579184161189055
24,27,31.351046021482624
24,28,20.628449027697904
24,29,15.627155855251596
24,30,9.86975107427268
24,31,6.011647651257187
24,32,7.585435443118919
24,33,3.7089860820998686
24,34,4.809288302082187
24,35,3.0189818089303904
24,36,1.6744995416694413
24,37,2.797839258925439
24,38,0.8463588035784658
24,39,0.5374942487504291
24,40,0.7415064020307633
24,41,0.0
24,42,0.00643792982892835
24,43,0.9332984130921282
24,44,0.3019867449318821
24,45,0.6312624137524234
24,46,0.0
24,47,0.13364600464477927
24,48,0.3171772526456671
24,49,0.39540070992633514
24,50,0.41035501601463525
24,51,0.19611630479661815
24,52,0.0
24,53,0.0
24,54,0.0
24,55,0.0
24,56,0.0
24,57,0.0
24,58,0.0
24,59,0.0
25,0,0.27836005528139496
25,1,0.22592653449333655
25,2,0.0
25,3,4.7967884003685
25,4,24.859398963084324
25,5,39.84861422174811
25,6,73.19305099647264
25,7,91.01752394070067
25,8,136.29132686453406
25,9,164.45198952210498
25,10,204.983547732861
25,11,222.7425763758458
25,12,210.58243006727224
25,13,259.24267248515207
25,14,246.08530001866976
25,15,237.57239079394355
25,16,223.90761026606512
25,17,232.39740820323053
25,18,212.83448244447806
25,19,196.14501506110938
25,20,164.25640500299593
25,21,147.7620639349526
25,22,121.44580667755397
25,23,110.33610992064544
25,24,86.04833831878035
25,25,77.59519075127466
25,26,53.500433993787794
25,27,28.374262201513236
25,28,16.603112611141484
25,29,24.85513322903366
25,30,12.181641910371345
25,31,10.200202624668465
25,32,9.322533450558716
25,33,5.931982726819677
25,34,5.720551865998332
25,35,3.3515322153604687
25,36,3.0739455630489756
25,37,2.8688340393140375
25,38,4.792479375744408
25,39,2.3003925503485996
25,40,0.45695952460046235
25,41,2.46742646619761
25,42,0.948252785278491
25,43,0.589382207069555
25,44,0.24766045810436035
25,45,0.0
25,46,2.079444590960842
25,47,0.001780040752420903
25,48,2.746836593219352
25,49,0.37148616717614047
25,50,0.0
25,51,0.0
25,52,0.2800363736859026
25,53,0.0
25,54,0.0
25,55,0.9790160738191087
25,56,0.0
25,57,0.0
25,58,0.0
25,59,0.0
26,0,0.0
26,1,0.0
26,2,1.5793324735558214
26,3,3.1255492325475496
26,4,21.98859689479517
26,5,34.44920155690494
26,6,66.4301973942915
26,7,108.2765525837102
26,8,142.38720162140922
26,9,140.360190413918
26,10,195.34903552554616
26,11,191.82335562267818
26,12,200.0708529607737
26,13,225.0452457838075
26,14,233.06723778675598
26,15,227.39838883917588
26,16,225.24571416202463
26,17,216.817181851632
26,18,202.67328049003328
26,19,194.2926878653008
26,20,172.44587691187834
26,21,167.23731541393522
26,22,122.93287570976929
26,23,88.4976176065531
26,24,84.94624672544504
26,25,78.10555843123956
26,26,66.28870878689291
26,27,45.998643453772296
26,28,32.51103118998958
26,29,27.818801064250895
26,30,22.931822514233417
26,31,14.851891797442226
26,32,11.107911482223576
26,33,4.420562280067557
26,34,4.297769513987321
26,35,4.9481844053895445
26,36,4.94903706819863
26,37,3.9589052227881005
26,38,1.922617200665783
26,39,1.9862519498200724
26,40,1.7037534084003714
26,41,0.38744284220783687
26,42,0.27836005528139496
26,43,0.7764747128355378
26,44,0.9643406798983375
26,45,0.3413779439538109
26,46,0.4744763600780131
26,47,0.7868564575647599
26,48,0.0
26,49,0.7143055022876856
26,50,0.2517461768527698
26,51,2.1319962752484476
26,52,0.3413779439538109
26,53,0.0
26,54,0.0
26,55,0.22021808867509174
26,56,0.0
26,57,0.0
26,58,0.0
26,59,0.0
27,0,0.0
27,1,0.4010300669792796
27,2,0.655159237692172
27,3,3.0822038025026113
27,4,17.35669402360372
27,5,42.426632111252076
27,6,54.14762856369021
27,7,82.9103543274585
27,8,107.02707924622972
27,9,129.77825553328566
27,10,164.3674048332744
27,11,176.09182543691858
27,12,195.77957669483393
27,13,199.8357808517336
27,14,202.21550733592156
27,15,196.99917587852485
27,16,205.81771242607033
27,17,188.85462863986345
27,18,198.25657356523405
27,19,168.12008372869587
27,20,151.73761746534578
27,21,144.39831493367438
27,22,122.55280870641548
27,23,111.25465141914641
27,24,89.11900161273158
27,25,84.37056710191442
27,26,55.287279881144826
27,27,55.81390025931437
27,28,33.97628665603362
27,29,24.967279760202956
27,30,14.088418478882627
27,31,9.24911748115556
27,32,10.91895230503009
27,33,10.06583223822421
27,34,5.914940597257248
27,35,4.242456701039215
27,36,2.9737485668662207
27,37,1.7596114070498192
27,38,0.9381811873148551
27,39,3.105698753479402
27,40,1.6664224105156151
27,41,1.5625386958318757
27,42,1.805961930209232
27,43,0.7195885487454499
27,44,0.6608638447239454
27,45,0.908672065554742
27,46,0.24491163889990214
27,47,0.43969401463429914
27,48,0.0
27,49,0.9222420588944718
27,50,0.28934070955123586
27,51,0.0
27,52,0.0
27,53,0.6779286728364865
27,54,0.19611630479661815
27,55,0.0
27,56,0.0
27,57,0.0
27,58,0.22127745610759655
27,59,0.0
28,0,0.0
28,1,0.19611630479661815
28,2,0.4342647110447232
28,3,2.369559820024127
28,4,18.65442279466941
28,5,34.5886579892903
28,6,54.6729578422855
28,7,69.73725309522636
28,8,94.71663230186408
28,9,134.13089739348658
28,10,131.84549429971645
28,11,166.14261799080296
28,12,170.7796832033195
28,13,182.4223066223651
28,14,195.73470927372426
28,15,201.43563611480278
28,16,185.76387423895136
28,17,187.1460199419296
28,18,156.21618694361123
28,19,154.1578155450758
28,20,153.60808347622162
28,21,136.67342171536
28,22,123.60160781044843
28,23,102.64828664490712
28,24,88.66176107814282
28,25,71.3714057813552
28,26,64.7674217792161
28,27,47.041395545292154
28,28,40.39665343684734
28,29,32.363162171140225
28,30,23.461474872961766
28,31,20.364625010635056
28,32,9.565465289848035
28,33,6.4621750022049405
28,34,7.78723856149396
28,35,5.8318660209615825
28,36,4.86826832906604
28,37,2.5436395232785247
28,38,1.9997960247072808
28,39,0.8428064182350068
28,40,1.3668990340168263
28,41,0.9611159431890168
28,42,1.6672765684648039
28,43,0.6786955021609054
28,44,0.0
28,45,1.164458095800206
28,46,0.3413779439538109
28,47,0.27836005528139496
28,48,0.5553959756092208
28,49,0.3413779439538109
28,50,0.6853416242754934
28,51,0.3413779439538109
28,52,0.0
28,53,1.9329812700951423
28,54,0.0
28,55,0.0
28,56,0.0
28,57,0.3399133386816318
28,58,0.0
28,59,0.0
29,0,0.3358471308656439
29,1,0.6243178041949707
29,2,0.0
29,3,2.611538097612812
29,4,7.202776715062998
29,5,32.09552863402885
29,6,40.31487661482185
29,7,60.18373906874361
29,8,82.10838895600799
29,9,115.41238247258168
29,10,105.78053114584128
29,11,129.073435186538
29,12,145.9392291294273
29,13,159.85063547182827
29,14,172.72204517404165
29,15,162.4786977944103
29,16,184.05222451582117
29,17,159.16127487142586
29,18,157.58118003868327
29,19,141.95302918099168
29,20,137.63368664279164
29,21,128.96748700795717
29,22,130.25506128179507
29,23,111.04406809664655
29,24,86.67817826933067
29,25,71.47867946000949
29,26,49.35224395499652
29,27,54.46416562182962
29,28,55.305514457200964
29,29,36.60860718878642
29,30,31.2790889491813
29,31,27.516902268926042
29,32,14.452539158637693
29,33,5.679410846022953
29,34,9.478931752428567
29,35,4.9308839651975855
29,36,2.5782205569578185
29,37,2.9099061423485195
29,38,1.4903451224208322
29,39,3.330059615903577
29,40,1.1492859479229867
29,41,1.5123687037427895
29,42,1.3484596106530327
29,43,2.0196787967528897
29,44,0.5768548933917065
29,45,0.5942481658954277
29,46,1.76952355568128
29,47,0.2787043236708019
29,48,0.3590376202696795
29,49,0.32061316401070605
29,50,0.0
29,51,0.27862892453978844
29,52,0.0
29,53,0.27836005528139496
29,54,0.16898230465842262
29,55,0.0
29,56,0.0
29,57,0.0
29,58,0.0
29,59,0.0
30,0,0.0
30,1,0.0
30,2,0.0
30,3,3.5107128043878406
30,4,10.333123964912243
30,5,21.309502604980306
30,6,31.74875010453235
30,7,51.62316064084531
30,8,68.9785500462948
30,9,93.93642329914967
30,10,109.11592129018472
30,11,104.61540243676897
30,12,141.20733359761596
30,13,130.6002144981463
30,14,153.32635357400514
30,15,151.79185801265754
30,16,150.27442565698206
30,17,143.9744942392668
30,18,135.81061957277663
30,19,134.86973920413314
30,20,123.72288574027662
30,21,114.53766571992314
30,22,106.76899181441699
30,23,88.45296590021925
30,24,86.51918238935406
30,25,77.7435592078631
30,26,58.34267617038144
30,27,42.20173070003184
30,28,37.38157812790482
30,29,32.880621169652116
30,30,29.64786783970914
30,31,23.955824833953297
30,32,13.67002318166833
30,33,13.570674305110987
30,34,6.375709534361599
30,35,10.218602929475683
30,36,4.210993586782588
30,37,3.058776207913221
30,38,3.378957156272164
30,39,2.11899231394079
30,40,4.194725870537532
30,41,1.9481107419987893
30,42,4.539819517583636
30,43,0.6913627672598566
30,44,0.34941504565926834
30,45,0.857435720361275
30,46,0.38727945008783626
30,47,0.3922326095932363
30,48,0.6316013031168259
30,49,0.0
30,50,0.0
30,51,0.0
30,52,0.0
30,53,0.0
30,54,0.0
30,55,0.0
30,56,0.19611630479661815
30,57,0.0
30,58,0.0
30,59,0.27836005528139496
31,0,0.27836005528139496
31,1,0.40314594406401055
31,2,0.6938944727885036
31,3,1.8708103644532497
31,4,6.622855196027517
31,5,15.54791662139674
31,6,32.69894762790316
31,7,40.17258025371277
31,8,78.84724628838615
31,9,85.58643493992926
31,10,102.9987402813969
31,11,101.10997174676201
31,12,119.95608237750484
31,13,122.70274671129994
31,14,118.39114609700788
31,15,122.14942206553452
31,16,130.44064478875478
31,17,130.86697824649553
31,18,138.9672482346918
31,19,116.44649193547684
31,20,122.2386618648796
31,21,109.12098101697616
31,22,99.9918265036972
31,23,89.56508908937587
31,24,82.25222641362245
31,25,75.64554109274584
31,26,60.244449209395114
31,27,49.58602356551336
31,28,38.109655450222675
31,29,33.39401242302785
31,30,32.822287542984114
31,31,28.4014531946932
31,32,11.623466392474565
31,33,13.404235551753432
31,34,12.033447151420466
31,35,10.843299696144143
31,36,4.373164068771406
31,37,2.8268269201983465
31,38,3.7012238174315186
31,39,0.9516375710144565
31,40,1.2830305280009406
31,41,1.2166401282474497
31,42,2.421085612351774
31,43,1.650934469876009
31,44,0.6784065735218942
31,45,1.1302187603303397
31,46,0.40306357652954444
31,47,3.1595110261899275e-16
31,48,0.3436911701850068
31,49,0.0
31,50,0.315676779029578
31,51,0.0
31,52,0.0
31,53,0.19611630479661815
31,54,0.0
31,55,0.19611630479661815
31,56,0.19611630479661815
31,57,0.0
31,58,0.0
31,59,0.0
32,0,0.0
32,1,0.19611630479661815
32,2,0.19611630479661815
32,3,1.1773652356604871
32,4,9.783094994730067
32,5,18.318323254536146
32,6,29.237448525459463
32,7,42.4850765390573
32,8,50.20512883429063
32,9,59.972740883451664
32,10,76.94788821193242
32,11,83.27065511929622
32,12,96.69556352076437
32,13,96.43045946626056
32,14,100.14436036408814
32,15,93.19032886112551
32,16,103.83613092576778
32,17,100.50448524505217
32,18,100.27437071637632
32,19,112.73097989611023
32,20,101.96570016630564
32,21,103.99852743241433
32,22,88.65007471623001
32,23,78.96393265041237
32,24,71.06021458799506
32,25,64.77824168789759
32,26,51.390828522063465
32,27,44.38882639756837
32,28,35.20676346217233
32,29,29.481150376373016
32,30,27.337559700091933
32,31,27.869935240081062
32,32,20.08350430614745
32,33,11.852778964574654
32,34,12.07144126270818
32,35,5.515532020311891
32,36,5.09854567132866
32,37,5.1232651116939
32,38,4.262990531831978
32,39,2.2286040918164116
32,40,1.8546378526705336
32,41,1.0403536043314512
32,42,0.0
32,43,1.9890237423152632
32,44,0.3413779439538109
32,45,2.322465661102091e-06
32,46,1.4289450562743424
32,47,0.815854304031824
32,48,1.2658756065901526
32,49,0.9409735644062086
32,50,0.741930832022538
32,51,0.19611630479661815
32,52,0.3159836895624456
32,53,0.6240608286154341
32,54,0.0
32,55,0.0
32,56,0.0
32,57,0.0
32,58,0.0
32,59,0.0
33,0,0.0
33,1,0.0
33,2,0.38551880334320143
33,3,0.9955293028783976
33,4,7.607858287044856
33,5,10.362400460475667
33,6,22.22316631127191
33,7,28.51217712395161
33,8,48.966690713049154
33,9,59.78243289818393
33,10,58.95289814030446
33,11,74.40056247886326
33,12,80.63253098357725
33,13,93.51952894565414
33,14,92.26104388309827
33,15,93.03475081168969
33,16,88.40539696176003
33,17,77.38378529379906
33,18,93.27399733001059
33,19,87.65872343030067
33,20,87.97546664139698
33,21,77.68540408203154
33,22,84.63577287701887
33,23,67.36290051987802
33,24,58.573860585231344
33,25,63.315528092888414
33,26,53.746640861866844
33,27,39.80218428352253
33,28,36.76303882168144
33,29,30.020065038567633
33,30,28.795608087365995
33,31,20.62040345846583
33,32,12.479606788261885
33,33,16.408624910782947
33,34,9.312705134381758
33,35,6.979836079583413
33,36,8.290054971496918
33,37,3.91733517473849
33,38,4.238571083280244
33,39,1.1887411932461445
33,40,2.4934711980386517
33,41,0.7912014265596207
33,42,1.282687268027614
33,43,1.4065585549111639
33,44,1.190876369887505
33,45,1.1626631104503793
33,46,1.3187640385205357
33,47,0.48844007588674476
33,48,0.3232394076276674
33,49,0.3413779439538109
33,50,1.3206117739595493
33,51,0.0
33,52,0.19611630479661815
33,53,0.0
33,54,0.0
33,55,0.31506956140162423
33,56,0.0
33,57,0.0
33,58,0.27836005528139496
33,59,0.0
34,0,0.0
34,1,0.0
34,2,0.09031632187515284
34,3,1.2870277440100617
34,4,4.60704224059705
34,5,13.653061123247301
34,6,21.19002971645626
34,7,31.605407969703876
34,8,31.429447237426807
34,9,40.799882805311526
34,10,53.62196438930135
34,11,58.322224307784175
34,12,71.93393566900284
34,13,73.0439496991653
34,14,68.18623378911536
34,15,84.19237013896667
34,16,77.12021305747163
34,17,83.95096087091287
34,18,71.91409262992036
34,19,76.53943040737154
34,20,74.80479835625982
34,21,75.69212098504141
34,22,55.594023720595814
34,23,61.727939916160054
34,24,51.78991477358841
34,25,45.29482146584522
34,26,54.28658202996914
34,27,41.95252301863761
34,28,30.992010312826572
34,29,32.14951956251827
34,30,29.919200014726556
34,31,23.786401523526916
34,32,15.748608871488827
34,33,22.686982804557008
34,34,12.639608022216418
34,35,9.481000816168981
34,36,7.010890311054551
34,37,4.427918295865842
34,38,6.2841202644631
34,39,2.485525384212487
34,40,2.1931286574442206
34,41,2.364611293700453
34,42,2.052280779769696
34,43,0.3413779439538109
34,44,1.0309126984624664
34,45,0.6375833418676724
34,46,0.19644236596660272
34,47,0.0
34,48,0.07270380621504874
34,49,0.0
34,50,0.27836005528139496
34,51,0.6197379992352059
34,52,0.0
34,53,0.0
34,54,0.0
34,55,0.0
34,56,0.27836005528139496
34,57,0.0
34,58,0.0
34,59,0.0
35,0,0.0
35,1,0.5745930563693831
35,2,0.0
35,3,0.8983949891520964
35,4,4.627298699206495
35,5,5.679438302782299
35,6,10.016859283736403
35,7,26.065150065051657
35,8,27.68960770840727
35,9,41.210032617275466
35,10,45.255908065245585
35,11,50.714709157832424
35,12,69.16805902136394
35,13,46.82665401528603
35,14,61.75819325430936
35,15,59.124551132620724
35,16,67.33525579239256
35,17,72.25501107981704
35,18,73.28872353725163
35,19,66.10982083149908
35,20,55.6859815112587
35,21,58.374947619471584
35,22,66.65229347853666
35,23,50.40997954896032
35,24,39.40770131841181
35,25,55.46296644523355
35,26,53.54456043203843
35,27,52.55059226618032
35,28,32.99495640238375
35,29,25.67799891228997
35,30,18.61029566553768
35,31,17.544826153661365
35,32,17.58926056702102
35,33,14.337396247509425
35,34,14.175725051048124
35,35,12.997944223516662
35,36,5.885524260701221
35,37,5.783596864451936
35,38,6.102436132009502
35,39,6.621578569384079
35,40,3.2899500563848996
35,41,2.4836866725426305
35,42,1.5436943142163706
35,43,0.7561854406878197
35,44,0.5541535135760405
35,45,3.35093387644135
35,46,0.19611630479661815
35,47,0.27836005528139496
35,48,0.3935423941684994
35,49,0.31361428317376794
35,50,0.0
35,51,0.6197379992352059
35,52,0.28420462864765156
35,53,0.6827558879076218
35,54,0.0
35,55,0.0
35,56,0.0
35,57,0.27836005528139496
35,58,0.0
35,59,0.0
36,0,0.0
36,1,0.0
36,2,0.35895100045856004
36,3,1.6417297624772247
36,4,3.410822545249988
36,5,7.736911930590989
36,6,11.7628916861553
36,7,18.68883788663119
36,8,21.103352593346237
36,9,35.677120146862286
36,10,44.797076388384134
36,11,41.07561758764492
36,12,41.319704294306305
36,13,53.117252830555756
36,14,46.7632425406421
36,15,55.628413391055865
36,16,52.65971734703408
36,17,50.84523862658404
36,18,49.31911490577038
36,19,52.85798400715746
36,20,52.78882251422817
36,21,50.094890860878095
36,22,49.74057445651905
36,23,53.74973828841232
36,24,40.5609436794261
36,25,35.56604572285653
36,26,33.52524031156274
36,27,28.62670563070274
36,28,34.922578612566085
36,29,23.027194419868483
36,30,20.39661539168116
36,31,16.002356367145165
36,32,15.302659327464365
36,33,19.815475351374527
36,34,9.995199768113448
36,35,8.782994234450452
36,36,8.852994187746864
36,37,8.197912469078634
36,38,3.0516891204537275
36,39,4.769539284875445
36,40,3.1584007611033567
36,41,3.509998079697437
36,42,0.19611630479661815
36,43,0.6847610409085106
36,44,0.0
36,45,1.0861692596120254
36,46,1.120882408221186
36,47,0.3413779439538109
36,48,0.4744763600780131
36,49,0.0
36,50,0.5982776229536296
36,51,0.6630693045914274
36,52,0.0
36,53,0.0
36,54,0.0
36,55,0.0
36,56,0.0
36,57,0.0
36,58,0.3413779439538109
36,59,0.0
37,0,0.0
37,1,0.27836005528139496
37,2,0.0
37,3,2.173364042276683
37,4,1.5291521943926354
37,5,6.8610076241844755
37,6,14.535094095729363
37,7,22.876737683401718
37,8,26.044848917851432
37,9,21.818303158269188
37,10,25.850611524878275
37,11,31.792831221935963
37,12,36.15201211379295
37,13,41.746587607728756
37,14,43.40785106675897
37,15,44.45577268895221
37,16,39.18162702702405
37,17,46.209413732237444
37,18,43.85366552029033
37,19,37.748515796157726
37,20,39.69632444085063
37,21,39.30995696463746
37,22,43.3444109382914
37,23,34.07682730308912
37,24,32.68444470477859
37,25,36.90559745826091
37,26,32.15503911880227
37,27,31.617870795412365
37,28,28.49344225094194
37,29,22.165810065557874
37,30,24.3796215260221
37,31,10.734921858696767
37,32,13.829190305592777
37,33,8.243269782158846
37,34,12.908615400434604
37,35,8.79426141399021
37,36,5.2138262347129665
37,37,11.186079185728456
37,38,3.4084342144530013
37,39,2.3295808009252825
37,40,1.8278249128602662
37,41,2.3456850188723077
37,42,3.194309616936291
37,43,4.393169503768178
37,44,1.8570794378777307
37,45,0.3413779439538109
37,46,0.38802795896949804
37,47,0.27836005528139496
37,48,0.6827558879076218
37,49,0.5119279731457017
37,50,0.3413779439538109
37,51,0.0
37,52,0.0
37,53,0.0
37,54,0.3839260252150056
37,55,0.0
37,56,0.0
37,57,0.0
37,58,0.0
37,59,0.0
38,0,0.0
38,1,0.0
38,2,0.0
38,3,0.5567201105627899
38,4,1.0803626842113268
38,5,4.915523857217592
38,6,8.02660577186393
38,7,9.403921238601352
38,8,14.57993771820822
38,9,15.199404474327581
38,10,21.304211045791256
38,11,25.455298744112135
38,12,22.159704691236367
38,13,29.787334290875243
38,14,32.91370966168028
38,15,37.9293276796641
38,16,39.08646102134832
38,17,34.964430298389736
38,18,34.42903226871314
38,19,40.03072263775914
38,20,37.247327127763334
38,21,36.763498989258714
38,22,35.358058961523064
38,23,29.145301623520343
38,24,31.266120600299068
38,25,24.139266887779797
38,26,34.81733090323867
38,27,28.943104797439386
38,28,18.469703970125654
38,29,22.28070815937634
38,30,19.419727019138186
38,31,16.339560252587855
38,32,14.950785264320178
38,33,9.102439406708685
38,34,8.228248371286988
38,35,5.797950655869804
38,36,5.122492222616029
38,37,10.915176558253036
38,38,3.8397070616591416
38,39,3.9067581239454285
38,40,2.9816522440049544
38,41,2.4040715271010704
38,42,0.9985781917208196
38,43,2.611546266608386
38,44,1.781983886334883
38,45,1.2825921179266175
38,46,0.0
38,47,0.3066264854937092
38,48,0.0
38,49,0.0
38,50,0.0
38,51,0.0
38,52,0.0
38,53,0.7560009217960282
38,54,0.4744763600780131
38,55,0.0
38,56,0.3413779439538109
38,57,0.0
38,58,0.0
38,59,0.0
39,0,0.0
39,1,0.0
39,2,0.0
39,3,0.0
39,4,2.605439146822295
39,5,4.908890414945694
39,6,7.164366040897256
39,7,6.872104992505894
39,8,13.627360797464897
39,9,14.413584910753817
39,10,22.07300260847912
39,11,21.76868926377935
39,12,20.167274501216994
39,13,20.630121219436504
39,14,24.244801634424018
39,15,20.995461004667316
39,16,30.660569946979333
39,17,29.817278927806097
39,18,27.416473532083057
39,19,29.193034962164706
39,20,29.544118260925025
39,21,37.37470416108103
39,22,30.683496020257984
39,23,24.831782721698332
39,24,29.26985603014002
39,25,25.082058891642127
39,26,19.98165817744965
39,27,20.234080092228094
39,28,24.763000243647532
39,29,16.244022743755966
39,30,16.143441585507585
39,31,12.902537421752733
39,32,9.805032650645332
39,33,10.301643902721333
39,34,8.50470627926821
39,35,7.426589775070733
39,36,4.084848951054993
39,37,4.755611173256855
39,38,2.4440131000162157
39,39,1.470137519272531
39,40,3.587421059798811
39,41,1.713956143444991
39,42,0.6040266078994472
39,43,1.7457313712662814
39,44,1.353348552782253
39,45,0.920214143043248
39,46,0.6449379787671982
39,47,0.0
39,48,0.27836005528139496
39,49,0.0
39,50,0.49571016257332745
39,51,0.3413779439538109
39,52,0.5374942487504291
39,53,0.3413779439538109
39,54,0.19611630479661815
39,55,0.0
39,56,0.3413779439538109
39,57,0.0
39,58,0.2895053641154146
39,59,0.0
40,0,0.0
40,1,0.0
40,2,0.31833418158159854
40,3,0.5308141352170002
40,4,1.51754104471813
40,5,1.4195055900557534
40,6,2.8996404584248157
40,7,9.221117250735722
40,8,9.490669839330675
40,9,12.345757847215104
40,10,12.60551835081778
40,11,17.201386531840893
40,12,12.26979484772463
40,13,18.029581273642098
40,14,19.625886908534902
40,15,26.850922265338017
40,16,22.564237286697782
40,17,22.890806771050034
40,18,25.457709346827606
40,19,23.76689166220359
40,20,18.81169835499583
40,21,23.537548150415162
40,22,20.56188009810254
40,23,26.768398330118565
40,24,23.074900855484493
40,25,17.488392255513617
40,26,17.08071504062385
40,27,13.366815401318807
40,28,15.172479370745343
40,29,8.388191974736483
40,30,10.689366333861212
40,31,13.097613728560386
40,32,12.390417659883271
40,33,8.768482936230622
40,34,7.8493293491721055
40,35,7.685080162836612
40,36,3.3895086256110134
40,37,2.888215772358812
40,38,3.586672496263172
40,39,4.014720907895605
40,40,4.494509881999382
40,41,2.1995600269039257
40,42,1.568690719391232
40,43,0.5722325253824949
40,44,1.540575719664039
40,45,0.8981057731563944
40,46,0.27836005528139496
40,47,0.5374942487504291
40,48,0.8443538708754711
40,49,0.0
40,50,0.0
40,51,0.0
40,52,0.580234127536297
40,53,0.27836005528139496
40,54,0.27836005528139496
40,55,0.7816525192136092
40,56,0.0
40,57,0.0
40,58,0.0
40,59,0.0
41,0,0.0
41,1,0.0
41,2,0.0
41,3,0.3284329616681234
41,4,1.226605242960369
41,5,3.8344407393807383
41,6,2.96557221766519
41,7,5.424280283641008
41,8,8.74224280343177
41,9,7.344095122139317
41,10,9.825318221099684
41,11,17.166988477790476
41,12,15.684962270712754
41,13,14.18215297242466
41,14,14.668775175656206
41,15,19.28596199690318
41,16,23.390084453450914
41,17,22.95722352686427
41,18,18.26156862542711
41,19,21.15409076474719
41,20,16.845631970711892
41,21,17.610641079873343
41,22,22.91117368348608
41,23,22.34881502657372
41,24,19.715867865904336
41,25,12.640196552961394
41,26,15.747308228329512
41,27,14.291000832603709
41,28,15.529814650657583
41,29,10.760159005759608
41,30,15.73961370473462
41,31,7.306335827578188
41,32,12.591525987882395
41,33,6.569087665847689
41,34,3.636953021875976
41,35,4.604154726612654
41,36,4.305636740909452
41,37,3.8635838575440116
41,38,3.955165432656416
41,39,2.5907744987879777
41,40,2.557506286514086
41,41,2.3416565025614893
41,42,1.648474158372747
41,43,0.19611630479661815
41,44,0.9489527201560262
41,45,0.5374942487504291
41,46,0.022975409098372965
41,47,1.355539228052927
41,48,0.27836005528139496
41,49,0.5108909015829693
41,50,0.9611159431890168
41,51,0.0
41,52,0.4416110668312745
41,53,0.27836005528139496
41,54,0.3413779439538109
41,55,0.0
41,56,0.3413779439538109
41,57,0.0
41,58,0.0
41,59,0.0
42,0,0.0
42,1,0.0
42,2,0.0
42,3,0.09372637965822042
42,4,0.6855642842973019
42,5,2.792896910322911
42,6,1.7529786457516185
42,7,3.825915961838894
42,8,5.496637019200711
42,9,6.775357714052971
42,10,9.613299648432523
42,11,13.958671089604868
42,12,13.409407059089563
42,13,15.92994147522909
42,14,11.502824982204553
42,15,12.62934105031186
42,16,16.914450175201928
42,17,11.949237999082719
42,18,13.188592279984844
42,19,18.52476752233776
42,20,18.694812860270876
42,21,16.500248921679965
42,22,12.220122899034173
42,23,14.737024748237946
42,24,16.511872748248138
42,25,19.058907524635885
42,26,14.625600975204291
42,27,13.963414170678957
42,28,9.936399877271999
42,29,11.758889742595992
42,30,8.028486869680432
42,31,8.424953778349227
42,32,10.764192659200813
42,33,6.443355500488039
42,34,5.275049327312495
42,35,4.179959368252457
42,36,2.1593870328545526
42,37,1.498610191939446
42,38,2.6118788871119123
42,39,2.4629388620211254
42,40,4.149035150666949
42,41,1.4590269959720776
42,42,1.2190303940024554
42,43,0.5568967679586975
42,44,0.907133561564815
42,45,0.9646120609225519
42,46,0.6669837158588308
42,47,2.4090804581914482
42,48,0.6578208973853886
42,49,0.19611630479661815
42,50,0.019039388869344163
42,51,0.3836543018811963
42,52,0.0
42,53,0.27836005528139496
42,54,0.0
42,55,0.0
42,56,4.1577822863846366e-22
42,57,0.0
42,58,0.0
42,59,0.0
43,0,0.0
43,1,0.0
43,2,0.0
43,3,0.19611630479661815
43,4,0.19611630479661815
43,5,1.6694965045886807
43,6,1.879918282871085
43,7,3.7782536291470565
43,8,4.72292964917596
43,9,7.937784821345184
43,10,8.803067558587053
43,11,11.670111463045979
43,12,10.758935645418685
43,13,10.623449151132464
43,14,13.3410589941803
43,15,8.204762123156613
43,16,9.698289460560241
43,17,11.491701318545642
43,18,10.567323590469329
43,19,13.965987779738283
43,20,15.37200443428847
43,21,10.118575514420316
43,22,12.160761570778813
43,23,16.92663759806705
43,24,12.585423867428933
43,25,15.116986447630843
43,26,12.494061781165549
43,27,9.690594423322283
43,28,10.438829471611218
43,29,7.485752121078745
43,30,8.63970448615675
43,31,10.647414485144042
43,32,5.964636753172897
43,33,9.271208721870796
43,34,3.3873854509303643
43,35,6.540492079932016
43,36,4.292020222410436
43,37,5.865895105033435
43,38,5.136340276548939
43,39,4.627576463925781
43,40,1.6691899678962843
43,41,2.4401640524798105
43,42,0.815854304031824
43,43,1.1633083699398128
43,44,1.353348552782253
43,45,0.815854304031824
43,46,0.87887219270424
43,47,0.8350801658441849
43,48,2.1007368351173157
43,49,0.27836005528139496
43,50,0.3413779439538109
43,51,0.015967083181860745
43,52,0.0
43,53,0.0
43,54,0.27836005528139496
43,55,0.0
43,56,0.0
43,57,0.0
43,58,0.3059019987747019
43,59,0.0
44,0,0.0
44,1,0.208290695697791
44,2,0.0
44,3,0.9807392340353824
44,4,3.0281619479790565
44,5,1.739982809253324
44,6,3.2556439854764347
44,7,3.5058367495911065
44,8,3.346184210856801
44,9,3.9152541660580993
44,10,6.8017959413687175
44,11,5.4546848742945615
44,12,10.574090936798282
44,13,8.197116910481808
44,14,13.81398400886765
44,15,8.747653247353579
44,16,10.850827258156508
44,17,9.996298279539989
44,18,10.23867115813376
44,19,10.070165893934945
44,20,12.123540672729145
44,21,6.752806587873102
44,22,11.3134086275725
44,23,10.95406742668841
44,24,10.425240319349207
44,25,10.599469324439141
44,26,7.930077182165885
44,27,11.337168822885728
44,28,6.20247275741644
44,29,6.2364350839174705
44,30,7.6349706858248805
44,31,6.298180300102706
44,32,6.752528614265104
44,33,6.171430136946281
44,34,5.293679640054509
44,35,3.2900928999079024
44,36,3.1134422917307973
44,37,2.929003338248655
44,38,3.2360765823449746
44,39,2.2221388493374583
44,40,1.139707517294709
44,41,1.498610191939446
44,42,0.752836415359408
44,43,1.666370168527707
44,44,2.42532150891547
44,45,0.0
44,46,0.0
44,47,0.6705926648746312
44,48,0.0
44,49,0.0
44,50,0.19631373200041047
44,51,0.0
44,52,0.0
44,53,7.80997862482729e-16
44,54,0.36326968004977067
44,55,0.19611630479661815
44,56,0.0
44,57,0.0
44,58,0.0
44,59,0.0
45,0,0.0
45,1,0.0
45,2,0.0
45,3,0.3413779439538109
45,4,0.19611630479661815
45,5,0.6491159431067479
45,6,2.3957310854020712
45,7,4.149800849843318
45,8,2.125197676088543
45,9,4.8886853835128266
45,10,5.793681556207147
45,11,4.830460509058266
45,12,7.3859196506663105
45,13,9.389946193396163
45,14,8.848851876794422
45,15,5.707543536950781
45,16,10.335493780461999
45,17,9.002888193383626
45,18,9.841732864746572
45,19,8.5939793086427
45,20,7.7827961134711945
45,21,9.517210243665538
45,22,12.230991847348077
45,23,9.562874424406704
45,24,7.16852045408706
45,25,10.377752975209884
45,26,8.76135935197231
45,27,6.884245041143495
45,28,8.971433842895994
45,29,6.222920184009353
45,30,7.111300299843469
45,31,4.679437015309473
45,32,3.9084927991077736
45,33,4.180435277748499
45,34,5.1529739721217585
45,35,2.9996611224575815
45,36,2.985057160845901
45,37,1.353348552782253
45,38,0.9611159431890168
45,39,1.757243881251642
45,40,1.1134402211255798
45,41,1.353348552782253
45,42,0.815854304031824
45,43,1.9528075812263048
45,44,0.27836005528139496
45,45,0.815854304031824
45,46,0.9265794291437486
45,47,0.6827558879076218
45,48,0.815854304031824
45,49,0.19611630479661815
45,50,0.0
45,51,0.6827558879076218
45,52,0.0
45,53,0.3413779439538109
45,54,0.0
45,55,0.0
45,56,0.27836005528139496
45,57,0.0
45,58,0.3413779439538109
45,59,0.27836005528139496
46,0,0.0
46,1,0.0
46,2,0.0
46,3,0.0
46,4,0.5568432972947085
46,5,0.9074738721443636
46,6,1.8468170575060785
46,7,2.177390214552161
46,8,4.419325191404291
46,9,3.7761614256675182
46,10,3.7106982037080467
46,11,5.263752372498993
46,12,4.864535065629364
46,13,4.090237679975527
46,14,8.00408744749905
46,15,5.922717888942845
46,16,6.295078590906835
46,17,11.317787026907919
46,18,7.836486098867761
46,19,7.031641844665683
46,20,9.385108994581861
46,21,12.80638758522449
46,22,7.2168845230942305
46,23,7.725481289521172
46,24,10.54588615901287
46,25,10.69863714105945
46,26,6.922448026307239
46,27,5.968804104306272
46,28,9.245723910321237
46,29,7.1156516424237015
46,30,5.275452739396574
46,31,9.478670108704652
46,32,4.963592222331376
46,33,5.752033248541666
46,34,5.4032403129799755
46,35,5.943728293748453
46,36,4.059096671932878
46,37,3.9769701543776903
46,38,1.012235603488155
46,39,1.7769702472208408
46,40,1.556708864915582
46,41,4.981971028144743
46,42,0.9611159431890168
46,43,0.6197705368812663
46,44,2.4738836349119318
46,45,1.9222318863780337
46,46,0.27836005528139496
46,47,0.9611159431890168
46,48,1.3774952552675277
46,49,0.0
46,50,0.0
46,51,2.630304253756482
46,52,0.0
46,53,0.723473000734677
46,54,0.0
46,55,0.0
46,56,0.0
46,57,0.0
46,58,0.0
46,59,0.0
47,0,0.0
47,1,0.0
47,2,0.0
47,3,0.0
47,4,0.0
47,5,1.4611960998827485
47,6,0.6095699951604688
47,7,1.552186631182035
47,8,1.0056199227049154
47,9,4.949088501403845
47,10,4.819395854694915
47,11,4.960493111529672
47,12,6.657041122181361
47,13,5.516748247769471
47,14,4.981637999663162
47,15,5.14275789850642
47,16,3.527617912305282
47,17,7.233793869252275
47,18,9.633227971861556
47,19,8.83573428273602
47,20,6.775016186111832
47,21,5.373670559599188
47,22,9.226752992620495
47,23,5.602453628307684
47,24,11.258540452899046
47,25,5.23564502484494
47,26,4.931631565161339
47,27,2.2393536575320656
47,28,7.147535153440164
47,29,5.940680793344246
47,30,4.294459829684038
47,31,5.056449707765942
47,32,5.242425484955083
47,33,1.8156616898272757
47,34,3.562249428744339
47,35,2.5896676209590694
47,36,2.4249325847214025
47,37,4.149585043789646
47,38,1.9923599426243153
47,39,1.3425628297894474
47,40,0.27836005528139496
47,41,1.0119706088284421
47,42,1.847050774672627
47,43,0.3413779439538109
47,44,0.0
47,45,0.00046404121698149977
47,46,0.6827558879076218
47,47,0.0
47,48,0.0
47,49,0.3413779439538109
47,50,0.6086311540893516
47,51,0.27836005528139496
47,52,0.5374942487504291
47,53,0.0
47,54,0.0
47,55,0.0
47,56,0.012768357726954982
47,57,0.0
47,58,0.0
47,59,0.19611630479661815
48,0,0.0
48,1,0.0
48,2,0.0
48,3,0.0
48,4,0.0
48,5,0.341384340627629
48,6,0.6615731474566562
48,7,1.95508842424346
48,8,4.862910315395582
48,9,2.0494052129039857
48,10,3.3617712818928953
48,11,3.2375915006399114
48,12,5.0825581212542055
48,13,4.666296940399645
48,14,5.4123295547803725
48,15,6.687090934663706
48,16,5.477011615349643
48,17,4.024750164454518
48,18,7.106234974106586
48,19,4.89704915290907
48,20,9.314413219956638
48,21,8.199098087568943
48,22,6.011958986875762
48,23,10.02620122642211
48,24,4.948614772371822
48,25,8.02938289449621
48,26,7.574767340239176
48,27,7.08543641193318
48,28,5.803692547700654
48,29,3.7466032057678644
48,30,5.218905436600739
48,31,4.4819835148229705
48,32,7.792418415602384
48,33,4.147717272569819
48,34,2.9291019109528547
48,35,3.296755855866982
48,36,1.4990411516291764
48,37,1.7648423722670568
48,38,2.188428718626438
48,39,1.5494648575788712
48,40,0.9611159431890168
48,41,1.0322398282143583
48,42,1.2723731309058504
48,43,1.7139523585484249
48,44,0.19611630479661815
48,45,0.4744763600780131
48,46,1.094214359313219
48,47,1.1764581097979958
48,48,0.6197379992352059
48,49,0.0
48,50,0.19611630479661815
48,51,0.5567201105627899
48,52,0.0
48,53,0.0
48,54,0.27836005528139496
48,55,0.0
48,56,0.0
48,57,0.0
48,58,0.0
48,59,0.0
49,0,0.0
49,1,0.0
49,2,0.0
49,3,0.0
49,4,0.7616364953385663
49,5,0.22439100930262054
49,6,0.39512043965006965
49,7,3.4300762479486533
49,8,1.0313592038466215
49,9,2.850372413192118
49,10,1.7857677634058053
49,11,4.578621560357518
49,12,4.919399821773814
49,13,3.62500937027561
49,14,5.5342028413627995
49,15,3.7771675027007197
49,16,8.319470726380674
49,17,4.782190040130374
49,18,6.314347540172138
49,19,4.4227754816326375
49,20,5.5911108640844915
49,21,6.097720314061363
49,22,10.399741383981306
49,23,6.808519590145835
49,24,6.1838066471831095
49,25,4.893779660663396
49,26,7.023173815282787
49,27,5.855377711170294
49,28,9.474815295549245
49,29,7.654380033920208
49,30,4.253852609042081
49,31,3.5677015304803934
49,32,4.737146157430262
49,33,5.359127938860367
49,34,4.050590170271127
49,35,4.780380925325553
49,36,4.484287023780723
49,37,1.8849671175021776
49,38,1.943757233249207
49,39,2.953428357018836
49,40,2.9754643162592367
49,41,0.6898589237565859
49,42,1.5154380252439916
49,43,0.668080488179146
49,44,1.0749884975008581
49,45,0.5374942487504291
49,46,1.6475800193477465e-13
49,47,1.4956145312242912
49,48,1.353348552782253
49,49,0.7976676753268267
49,50,0.3413779439538109
49,51,0.6197379992352059
49,52,0.27836005528139496
49,53,0.6197379992352059
49,54,0.0
49,55,0.0
49,56,0.0
49,57,0.3413779439538109
49,58,0.0
49,59,0.0
50,0,0.0
50,1,0.0
50,2,0.0
50,3,0.0
50,4,0.0
50,5,0.7006423895607056
50,6,1.5209817159276573
50,7,1.148162278581202
50,8,2.0738621466033416
50,9,0.8296256696012397
50,10,2.688777744895759
50,11,3.789727039235947
50,12,5.8184551643591504
50,13,9.176040882339848
50,14,3.5768532302474787
50,15,3.635605916643525
50,16,4.249377087025645
50,17,5.010981319611132
50,18,5.9794443624161575
50,19,7.615438594318831
50,20,6.497155647718607
50,21,7.634079984949398
50,22,4.433905522578584
50,23,5.199114518079795
50,24,2.421350544412425
50,25,5.892230897320484
50,26,7.019149392444349
50,27,5.729820598862442
50,28,4.717688282007702
50,29,4.305215692116663
50,30,4.46417358586998
50,31,4.953200688667398
50,32,6.881086271760717
50,33,5.700532386939571
50,34,4.3376893217929196
50,35,1.0629499805651863
50,36,3.074363550110048
50,37,1.4672211070940944
50,38,3.9539081115972077
50,39,0.4827592943239517
50,40,1.8278249128602662
50,41,0.752836415359408
50,42,1.0119706088284421
50,43,1.5812903179953435
50,44,0.8350801658441849
50,45,0.3413779439538109
50,46,0.7251823712473814
50,47,1.220250136658051
50,48,0.87887219270424
50,49,0.6567230976770105
50,50,4.250663328005982
50,51,0.7831740022177884
50,52,0.0
50,53,0.0
50,54,0.0
50,55,0.0
50,56,0.0
50,57,0.0
50,58,0.27836005528139496
50,59,0.2761663866137754
51,0,0.0
51,1,0.0
51,2,0.0
51,3,0.0
51,4,0.9564136178659356
51,5,0.419371871773759
51,6,1.269135044219626
51,7,1.5269252650759326
51,8,2.008197333169203
51,9,3.042186384097463
51,10,4.775841602661311
51,11,4.610101719064105
51,12,3.365096576886474
51,13,3.3793885799399055
51,14,3.5003768684676637
51,15,2.327392093778316
51,16,2.8782864074957453
51,17,3.5938367274993612
51,18,10.547893335077362
51,19,2.7716660578526264
51,20,4.679290326458754
51,21,5.71190164037007
51,22,4.577575810267335
51,23,6.283344438357937
51,24,2.2770128122943136
51,25,3.409331935706308
51,26,4.048948321383481
51,27,6.660423765099697
51,28,2.3808189135901148
51,29,4.721487960626111
51,30,5.489955674858417
51,31,3.3403604968389793
51,32,4.991130409970107
51,33,5.048262650442807
51,34,1.084991490405968
51,35,3.264167680854848
51,36,3.244950121740195
51,37,2.561435466407313
51,38,1.9145489587829514
51,39,2.825075315509959
51,40,1.568690719391232
51,41,1.5178360537518067
51,42,0.7856005889564541
51,43,0.6922011733063254
51,44,1.7471478155982088
51,45,1.1689674860502006
51,46,1.0119706088284421
51,47,0.27836005528139496
51,48,0.19611630479661815
51,49,0.0
51,50,0.752836415359408
51,51,0.19611630479661815
51,52,0.5374942487504291
51,53,0.3413779439538109
51,54,0.0
51,55,0.5374942487504291
51,56,0.0
51,57,0.6197379992352059
51,58,0.0
51,59,0.0
52,0,0.0
52,1,0.0
52,2,0.0
52,3,0.0
52,4,0.3248614973214903
52,5,3.2586721778709
52,6,0.44493060440923976
52,7,1.6708507023288428
52,8,1.0371657296598547
52,9,4.601645567170529
52,10,3.7647443880979146
52,11,3.3486118284452
52,12,3.7023835517304646
52,13,4.2036000660486685
52,14,4.287810560138452
52,15,4.3582536519016175
52,16,7.30040769656599
52,17,5.634936421548987
52,18,3.0613679423990656
52,19,2.0544259390397754
52,20,3.935308186983886
52,21,7.3706162814770035
52,22,6.821122964461862
52,23,5.387212627649771
52,24,6.89095722419618
52,25,4.414927438151677
52,26,4.353364318596959
52,27,6.04893704817883
52,28,4.526521585823981
52,29,5.517156910474752
52,30,3.8755375528996083
52,31,5.642506020173878
52,32,2.853318880985417
52,33,3.6962966514264015
52,34,3.2900999124657186
52,35,2.959364588189142
52,36,2.1171188092606714
52,37,3.1102070323478173
52,38,6.937390175391005
52,39,1.6429369991057503
52,40,1.854328846805289
52,41,1.8856634146719837
52,42,1.43559230326703
52,43,1.577559902589872
52,44,0.6827558879076218
52,45,0.4744763600780131
52,46,0.5054689301442516
52,47,3.639114774014426
52,48,1.1751440563762736
52,49,0.4744763600780131
52,50,0.6197379992352059
52,51,0.32517580768664567
52,52,0.0
52,53,0.6331829094232451
52,54,0.19611630479661815
52,55,0.0
52,56,0.0
52,57,0.0
52,58,0.0
52,59,0.0
53,0,0.0
53,1,0.0
53,2,0.0
53,3,0.0
53,4,1.120547611041928
53,5,0.8414633455349424
53,6,1.3755954092981253
53,7,1.0616849121735366
53,8,1.9693133810948293
53,9,5.288028397228465
53,10,1.4114327404668212
53,11,0.705784036481229
53,12,2.727425813853153
53,13,4.674767881612796
53,14,1.6292591787304656
53,15,3.272978062972905
53,16,4.089704486398661
53,17,5.095539718741223
53,18,3.421772917062871
53,19,3.7252102545381485
53,20,5.836281398047037
53,21,5.231387301861031
53,22,3.6855436104080663
53,23,4.531848980823825
53,24,4.968881693993064
53,25,3.559135397726273
53,26,5.11350291727204
53,27,5.496007473844342
53,28,3.7116830157611096
53,29,3.6143886861433088
53,30,3.712204471602858
53,31,3.2918228040625253
53,32,3.130419735239548
53,33,3.872975401522992
53,34,4.098391301029285
53,35,3.650161415886156
53,36,1.5325858376414911
53,37,2.008147252952318
53,38,2.7410359583905466
53,39,0.87887219270424
53,40,2.4230351453842127
53,41,1.7904203231417708
53,42,1.5616280806118619
53,43,1.353348552782253
53,44,1.7769702472208408
53,45,1.353348552782253
53,46,1.8326347414719737
53,47,0.5567201105627899
53,48,0.6197379992352059
53,49,1.372574414594614
53,50,0.27836005528139496
53,51,0.4744763600780131
53,52,0.0
53,53,0.3413779439541631
53,54,0.27836005528139496
53,55,0.3413779439538109
53,56,0.27836005528139496
53,57,0.19611630479661815
53,58,0.0
53,59,0.0
54,0,0.0
54,1,0.0
54,2,0.0
54,3,0.0
54,4,0.20897831547412074
54,5,1.0615043566465814
54,6,0.9593479366046263
54,7,0.6894355759052351
54,8,1.6700856484394069
54,9,2.0968449680238184
54,10,1.8765109043047576
54,11,4.48275906701706
54,12,3.972402029260753
54,13,3.142489737172392
54,14,4.8353209482890955
54,15,3.562059713458877
54,16,3.0665861835022734
54,17,3.2349642931609854
54,18,3.97766070161075
54,19,5.4597697410879995
54,20,3.6332676271667004
54,21,5.092011662998135
54,22,4.601106947514853
54,23,3.5369459764078157
54,24,6.066168636268647
54,25,5.302186224237005
54,26,6.009119109501355
54,27,6.792723132738592
54,28,4.2768872248224215
54,29,4.897545491752428
54,30,3.9923951976624767
54,31,7.248800077172181
54,32,2.97939868131789
54,33,3.5300776007753316
54,34,2.929120137511255
54,35,2.4870885850477427
54,36,2.9565266001446253
54,37,1.5494648575788712
54,38,2.4530662411282824
54,39,2.1010276969559634
54,40,1.5993337985001623
54,41,1.5686909163288727
54,42,1.0119706088284421
54,43,2.561229714814703
54,44,0.6705926648746312
54,45,0.8452162202227997
54,46,1.8143645349772057
54,47,0.6197379992352059
54,48,0.815854304031824
54,49,1.6438718310966387
54,50,0.5374942487504291
54,51,0.3413779439538109
54,52,0.87887219270424
54,53,0.0
54,54,0.3413779439538109
54,55,0.0
54,56,0.0
54,57,0.2250253252203201
54,58,0.0
54,59,0.0
55,0,0.0
55,1,0.0
55,2,0.0
55,3,0.0
55,4,0.9977283936500378
55,5,0.0
55,6,0.8176794865418162
55,7,1.7779699913053468
55,8,1.8337798543716972
55,9,1.7744837615141713
55,10,2.51251204118752
55,11,4.282955304687538
55,12,3.388575361429857
55,13,2.248890252387314
55,14,2.826781175635607
55,15,5.966795591611749
55,16,3.484238058022268
55,17,7.713986282159889
55,18,1.516747948497469
55,19,2.8285315277494085
55,20,6.508541888659769
55,21,4.716981241404168
55,22,4.179667455501593
55,23,7.863616804315088
55,24,3.789123163988468
55,25,3.4201009476046416
55,26,3.4858357057366907
55,27,5.671248313364843
55,28,4.3467633632227365
55,29,2.8913390921686313
55,30,2.8098459592707092
55,31,4.8430790113517705
55,32,4.0607968129332805
55,33,6.513553442845828
55,34,3.2129356970108476
55,35,3.7235067026880877
55,36,4.674916163991288
55,37,1.031196470640803
55,38,2.304485271606098
55,39,1.2156939078264513
55,40,0.4744763600780131
55,41,2.913518294325065
55,42,1.973086552017459
55,43,0.752836415359408
55,44,2.716910225422863
55,45,2.5673801349021192
55,46,1.7139523585484249
55,47,1.3609412096781417
55,48,0.815854304031824
55,49,0.19611630479661815
55,50,0.0
55,51,0.0
55,52,0.6705926648746312
55,53,0.6197379992352059
55,54,0.6827558879076218
55,55,0.0
55,56,0.0
55,57,0.19611630479661815
55,58,0.0
55,59,0.27836005528139496
56,0,0.0
56,1,0.0
56,2,0.0
56,3,0.0
56,4,0.0
56,5,0.5567201105627899
56,6,0.0
56,7,0.7223382272797854
56,8,1.336873656920379
56,9,0.9071420967336457
56,10,1.133607320459769
56,11,3.032342665853656
56,12,7.630098091951693
56,13,3.0276028653170157
56,14,2.116679454639548
56,15,3.3838397656367336
56,16,2.6857826289423308
56,17,4.08840515648512
56,18,1.7913887911826394
56,19,4.159620050323691
56,20,5.486971324758287
56,21,5.952490839023757
56,22,3.5914652036257633
56,23,4.340450414461485
56,24,5.040152716689923
56,25,4.56216391769546
56,26,5.241957443977964
56,27,2.9880851400936175
56,28,4.16021271093259
56,29,4.828516332313
56,30,4.2292139131394055
56,31,2.1546345360936594
56,32,2.947590125207997
56,33,5.243936419689
56,34,4.091826876158056
56,35,2.6693369680621917
56,36,3.493331691912453
56,37,1.781678745849839
56,38,1.1854802718995825
56,39,2.169202856814077
56,40,2.415934108268407
56,41,1.9325993513490851
56,42,1.973086552017459
56,43,1.1452700538006524
56,44,1.973086552017459
56,45,0.3413779439538109
56,46,0.5022920641828627
56,47,0.3413779439538109
56,48,0.815854304031824
56,49,0.87887219270424
56,50,0.7884503481037959
56,51,0.0
56,52,0.752836415359408
56,53,0.27836005528139496
56,54,0.4744763600780131
56,55,0.0
56,56,0.0
56,57,0.27836005528139496
56,58,0.6570550548144332
56,59,0.0
57,0,0.0
57,1,0.0
57,2,0.4121274237362763
57,3,0.0
57,4,0.0
57,5,0.0
57,6,0.8078429525295969
57,7,1.7473141079517744
57,8,1.556074240718051
57,9,3.8073590470254937
57,10,1.8601581320557279
57,11,7.918026581732924
57,12,7.416848361454758
57,13,4.25712519381838
57,14,2.8150816635688396
57,15,3.0492578021179053
57,16,4.138356631185357
57,17,4.3227426156924915
57,18,3.298771180767176
57,19,2.5617522178333436
57,20,4.4719365735951255
57,21,3.760957125443868
57,22,4.060973715900757
57,23,3.3684401177453878
57,24,5.6634666328274115
57,25,5.151221276123591
57,26,3.9685199834661966
57,27,6.362486669145006
57,28,4.674106321017681
57,29,4.4456431606525655
57,30,3.596763304218749
57,31,4.518499350755776
57,32,4.583690374068623
57,33,2.4293698900365106
57,34,2.8276322986557174
57,35,3.4487440944171848
57,36,2.1105608281136408
57,37,2.054576067398166
57,38,2.002523945779069
57,39,2.692378333667525
57,40,1.309556525922198
57,41,1.454464550554921
57,42,1.309556525922198
57,43,0.9748598209309036
57,44,1.6662077652345588
57,45,0.6705926648746312
57,46,0.0
57,47,1.220250136658051
57,48,2.3425033162809834
57,49,0.6197379992352059
57,50,0.5374942487504291
57,51,0.3413779439538109
57,52,0.6827558879076218
57,53,0.0
57,54,0.7336105535470472
57,55,0.0
57,56,0.27836005528139496
57,57,0.0
57,58,0.0
57,59,0.0
58,0,0.0
58,1,0.0
58,2,0.27836005528139496
58,3,0.3088323323606543
58,4,0.0
58,5,0.2191687274055228
58,6,0.35082614568096776
58,7,1.5904480346392353
58,8,0.8153236907588808
58,9,1.9580222748465241
58,10,2.710858603740779
58,11,2.2950058019228448
58,12,2.7004458656425205
58,13,1.4312051866086022
58,14,2.7032882639247267
58,15,2.0260779804650615
58,16,3.0782951292385894
58,17,1.3259387501200561
58,18,3.0907769908622
58,19,4.038226575617388
58,20,2.2367702401351455
58,21,4.933755705190862
58,22,6.336287819744253
58,23,4.623347958782194
58,24,3.4751102962475726
58,25,7.960497621674264
58,26,5.558638445737636
58,27,4.005453131972259
58,28,2.613844681877251
58,29,1.6898069383676826
58,30,3.145308483585716
58,31,4.216425728426343
58,32,2.722438871860593
58,33,2.1907645443704284
58,34,2.235318246288114
58,35,1.7648070241878502
58,36,5.152504492716364
58,37,1.7139523585484249
58,38,1.4864469689064552
58,39,4.19618395502674
58,40,3.5253182872007356
58,41,2.355244565744635
58,42,2.239262247130182
58,43,0.3413779439538109
58,44,1.7769702472208408
58,45,0.5628978293353677
58,46,1.0119706088284421
58,47,0.7336105535470472
58,48,1.416366441454669
58,49,0.9611159431890168
58,50,0.3413779439538109
58,51,0.27836005528139496
58,52,0.0
58,53,0.19611630479661815
58,54,0.3413779439538109
58,55,0.27836005528139496
58,56,0.27836005528139496
58,57,0.4744763600780131
58,58,0.0
58,59,0.5374942487504291
59,0,0.0
59,1,0.0
59,2,0.0
59,3,0.31628698313693043
59,4,0.0
59,5,0.0
59,6,0.6088798818554747
59,7,0.6555624909942596
59,8,1.90497296865517
59,9,0.6909079215469045
59,10,1.556908378269417
59,11,0.46917261484212736
59,12,2.40776325237179
59,13,2.0210288047182496
59,14,2.6900076708914487
59,15,2.058218936998421
59,16,3.8007414160531363
59,17,3.902699471637148
59,18,2.2236220345561395
59,19,5.610251533491023
59,20,3.2946524039284677
59,21,3.4826012257702414
59,22,1.5986521071805884
59,23,4.611369983217735
59,24,1.8860412873942922
59,25,1.9733168587721082
59,26,4.441199636929691
59,27,3.26551949186092
59,28,2.943675637064532
59,29,3.129910053693845
59,30,6.722054962767786
59,31,4.043928933655104
59,32,3.758297872323691
59,33,4.074142203132042
59,34,4.8229446921479715
59,35,0.9611159431890168
59,36,3.240145430418874
59,37,1.7139523585484249
59,38,3.314817594890378
59,39,5.556175733425691
59,40,1.4234290802340392
59,41,2.406376925523799
59,42,1.7394097437158522
59,43,2.2768829132338433
59,44,1.157232247985635
59,45,2.0814119578736694
59,46,1.027331556282635
59,47,0.7337354088764114
59,48,0.5583167940197942
59,49,0.5826847248016039
59,50,0.6827558879076218
59,51,1.4548181650793908
59,52,0.5567201105627899
59,53,0.27836005528139496
59,54,0.2153160039919411
59,55,0.3922326095932363
59,56,0.0
59,57,0.6827558879076218
59,58,0.0
59,59,0.0
